,mean_fit_time,std_fit_time,mean_score_time,std_score_time,param_conv,param_dropout_rate,param_kernel,param_pool,param_stride,params,split0_test_score,split1_test_score,mean_test_score,std_test_score,rank_test_score
0,113.66522657871246,2.453410029411316,2.7587870359420776,0.25300729274749756,1,0.4,3,2,1,"{'conv': 1, 'dropout_rate': 0.4, 'kernel': 3, 'pool': 2, 'stride': 1}",0.6253836154937744,0.6398844718933105,0.6326340436935425,0.007250428199768066,28
1,98.69124150276184,13.231040239334106,2.4976640939712524,0.1298593282699585,1,0.4,3,2,2,"{'conv': 1, 'dropout_rate': 0.4, 'kernel': 3, 'pool': 2, 'stride': 2}",0.6500270962715149,0.6500857472419739,0.6500564217567444,2.9325485229492188e-05,22
2,100.96577680110931,4.127341389656067,2.6356018781661987,0.027366995811462402,1,0.4,3,4,1,"{'conv': 1, 'dropout_rate': 0.4, 'kernel': 3, 'pool': 4, 'stride': 1}",0.6514713764190674,0.6544190645217896,0.6529452204704285,0.001473844051361084,20
3,102.58134889602661,1.3852152824401855,2.7750717401504517,0.1853421926498413,1,0.4,3,4,2,"{'conv': 1, 'dropout_rate': 0.4, 'kernel': 3, 'pool': 4, 'stride': 2}",0.6487632989883423,0.6558635234832764,0.6523134112358093,0.003550112247467041,21
4,102.53840792179108,2.8084555864334106,2.869664192199707,0.04618525505065918,1,0.4,5,2,1,"{'conv': 1, 'dropout_rate': 0.4, 'kernel': 5, 'pool': 2, 'stride': 1}",0.6708792448043823,0.6678703427314758,0.6693747937679291,0.001504451036453247,3
5,105.36457872390747,0.07567548751831055,3.0012712478637695,0.10048198699951172,1,0.4,5,2,2,"{'conv': 1, 'dropout_rate': 0.4, 'kernel': 5, 'pool': 2, 'stride': 2}",0.6574291586875916,0.5988083481788635,0.6281187534332275,0.029310405254364014,30
6,116.4917722940445,0.02085888385772705,2.79999041557312,0.16986560821533203,1,0.4,5,4,1,"{'conv': 1, 'dropout_rate': 0.4, 'kernel': 5, 'pool': 4, 'stride': 1}",0.6613107323646545,0.6590232253074646,0.6601669788360596,0.0011437535285949707,14
7,106.12823605537415,2.430081844329834,2.738725423812866,0.15598106384277344,1,0.4,5,4,2,"{'conv': 1, 'dropout_rate': 0.4, 'kernel': 5, 'pool': 4, 'stride': 2}",0.6568875312805176,0.6641690135002136,0.6605282723903656,0.0036407411098480225,12
8,98.64323854446411,2.451167345046997,2.522270441055298,0.04943227767944336,1,0.6,3,2,1,"{'conv': 1, 'dropout_rate': 0.6, 'kernel': 3, 'pool': 2, 'stride': 1}",0.6517422199249268,0.6103638410568237,0.6310530304908752,0.020689189434051514,29
9,97.64784753322601,2.5223861932754517,2.729473114013672,0.13365912437438965,1,0.6,3,2,2,"{'conv': 1, 'dropout_rate': 0.6, 'kernel': 3, 'pool': 2, 'stride': 2}",0.6532767415046692,0.6335650682449341,0.6434209048748016,0.009855836629867554,26
10,97.49059975147247,5.532651782035828,2.539788007736206,0.04490232467651367,1,0.6,3,4,1,"{'conv': 1, 'dropout_rate': 0.6, 'kernel': 3, 'pool': 4, 'stride': 1}",0.6447914838790894,0.6103638410568237,0.6275776624679565,0.017213821411132812,31
11,103.82549178600311,2.228800892829895,2.547939658164978,0.3292132616043091,1,0.6,3,4,2,"{'conv': 1, 'dropout_rate': 0.6, 'kernel': 3, 'pool': 4, 'stride': 2}",0.6436179876327515,0.6544190645217896,0.6490185260772705,0.005400538444519043,23
12,102.78339779376984,4.102572321891785,2.709512948989868,0.27687811851501465,1,0.6,5,2,1,"{'conv': 1, 'dropout_rate': 0.6, 'kernel': 5, 'pool': 2, 'stride': 1}",0.666094958782196,0.6664259433746338,0.6662604510784149,0.00016549229621887207,6
13,103.78191661834717,0.22859549522399902,2.900985836982727,0.11973249912261963,1,0.6,5,2,2,"{'conv': 1, 'dropout_rate': 0.6, 'kernel': 5, 'pool': 2, 'stride': 2}",0.602184534072876,0.647196888923645,0.6246907114982605,0.02250617742538452,32
14,121.3978670835495,3.451666474342346,3.234078049659729,0.18693149089813232,1,0.6,5,4,1,"{'conv': 1, 'dropout_rate': 0.6, 'kernel': 5, 'pool': 4, 'stride': 1}",0.6687127351760864,0.6670578718185425,0.6678853034973145,0.0008274316787719727,5
15,110.41084945201874,0.9787763357162476,3.6955994367599487,0.16528642177581787,1,0.6,5,4,2,"{'conv': 1, 'dropout_rate': 0.6, 'kernel': 5, 'pool': 4, 'stride': 2}",0.656616747379303,0.6540579795837402,0.6553373634815216,0.001279383897781372,17
16,232.06487047672272,30.51527750492096,5.534715890884399,0.6759374141693115,2,0.4,3,2,1,"{'conv': 2, 'dropout_rate': 0.4, 'kernel': 3, 'pool': 2, 'stride': 1}",0.6502978801727295,0.645752489566803,0.6480251848697662,0.002272695302963257,24
17,162.70994412899017,13.417672514915466,3.7381120920181274,0.8014293909072876,2,0.4,3,2,2,"{'conv': 2, 'dropout_rate': 0.4, 'kernel': 3, 'pool': 2, 'stride': 2}",0.6693446636199951,0.6518010497093201,0.6605728566646576,0.008771806955337524,11
18,248.23500418663025,8.289667129516602,6.260227084159851,0.016037344932556152,2,0.4,3,4,1,"{'conv': 2, 'dropout_rate': 0.4, 'kernel': 3, 'pool': 4, 'stride': 1}",0.673858106136322,0.6737383604049683,0.6737982332706451,5.987286567687988e-05,2
19,174.2170376777649,5.443554401397705,4.453535318374634,0.013821601867675781,2,0.4,3,4,2,"{'conv': 2, 'dropout_rate': 0.4, 'kernel': 3, 'pool': 4, 'stride': 2}",0.6673587560653687,0.6699467301368713,0.66865274310112,0.0012939870357513428,4
20,268.24682354927063,1.6817142963409424,6.931368470191956,0.36848270893096924,2,0.4,5,2,1,"{'conv': 2, 'dropout_rate': 0.4, 'kernel': 5, 'pool': 2, 'stride': 1}",0.6567972302436829,0.6547801494598389,0.6557886898517609,0.001008540391921997,16
21,181.42525494098663,1.2352114915847778,5.598987817764282,0.33448171615600586,2,0.4,5,2,2,"{'conv': 2, 'dropout_rate': 0.4, 'kernel': 5, 'pool': 2, 'stride': 2}",0.6753023862838745,0.6724745035171509,0.6738884449005127,0.0014139413833618164,1
22,299.79441809654236,6.371768474578857,6.06159782409668,0.48364710807800293,2,0.4,5,4,1,"{'conv': 2, 'dropout_rate': 0.4, 'kernel': 5, 'pool': 4, 'stride': 1}",0.6570680737495422,0.6750022768974304,0.6660351753234863,0.008967101573944092,7
23,183.99661803245544,6.975788354873657,5.336127042770386,0.1009366512298584,2,0.4,5,4,2,"{'conv': 2, 'dropout_rate': 0.4, 'kernel': 5, 'pool': 4, 'stride': 2}",0.6521032452583313,0.6751828193664551,0.6636430323123932,0.01153978705406189,8
24,247.78537094593048,28.627219319343567,5.534606695175171,0.840064525604248,2,0.6,3,2,1,"{'conv': 2, 'dropout_rate': 0.6, 'kernel': 3, 'pool': 2, 'stride': 1}",0.6453331112861633,0.6505371332168579,0.6479351222515106,0.00260201096534729,25
25,157.87428522109985,4.271754503250122,3.824068546295166,0.3811609745025635,2,0.6,3,2,2,"{'conv': 2, 'dropout_rate': 0.6, 'kernel': 3, 'pool': 2, 'stride': 2}",0.6532767415046692,0.6544190645217896,0.6538479030132294,0.0005711615085601807,18
26,273.9628710746765,12.350754737854004,6.6979252099990845,0.05520308017730713,2,0.6,3,4,1,"{'conv': 2, 'dropout_rate': 0.6, 'kernel': 3, 'pool': 4, 'stride': 1}",0.6673587560653687,0.6549607515335083,0.6611597537994385,0.006199002265930176,10
27,149.47019457817078,16.5257089138031,4.228171467781067,0.22099125385284424,2,0.6,3,4,2,"{'conv': 2, 'dropout_rate': 0.6, 'kernel': 3, 'pool': 4, 'stride': 2}",0.6492146849632263,0.6577593088150024,0.6534869968891144,0.0042723119258880615,19
28,270.72942984104156,0.35118234157562256,5.955761432647705,0.5952212810516357,2,0.6,5,2,1,"{'conv': 2, 'dropout_rate': 0.6, 'kernel': 5, 'pool': 2, 'stride': 1}",0.6145513653755188,0.656044065952301,0.6352977156639099,0.020746350288391113,27
29,180.39262461662292,0.3752899169921875,5.24221134185791,0.18620848655700684,2,0.6,5,2,2,"{'conv': 2, 'dropout_rate': 0.6, 'kernel': 5, 'pool': 2, 'stride': 2}",0.6620328426361084,0.6542385220527649,0.6581356823444366,0.003897160291671753,15
30,258.8806927204132,11.215894937515259,2.471387267112732,0.9012535810470581,2,0.6,5,4,1,"{'conv': 2, 'dropout_rate': 0.6, 'kernel': 5, 'pool': 4, 'stride': 1}",0.659415066242218,0.6616412401199341,0.660528153181076,0.0011130869388580322,13
31,180.09306824207306,4.013301730155945,4.497649669647217,0.6119654178619385,2,0.6,5,4,2,"{'conv': 2, 'dropout_rate': 0.6, 'kernel': 5, 'pool': 4, 'stride': 2}",0.6590539813041687,0.6646203994750977,0.6618371903896332,0.0027832090854644775,9
